{
    "mlp": {
        "stop_early": true,
        "early_stopping_step": 5,
        "early_stopping_best_val": 0.19116509287822545,
        "learning_rate": 0.001,
        "epoch_index": 6,
        "train_loss": [
            0.22229371889501046,
            0.1582723611334349,
            0.13410742261406272,
            0.11173226568996314,
            0.07772033553993882,
            0.058290678311557875,
            0.03886803134620084
        ],
        "train_acc": [
            0.9147871080992809,
            0.9376888063357274,
            0.9468484650555189,
            0.955309030045721,
            0.970490080013063,
            0.9790067766165897,
            0.9869825685826247
        ],
        "train_f1": [
            0.9132206297091192,
            0.9371971601184944,
            0.9464427290569388,
            0.9549382396349345,
            0.9702469816809343,
            0.9788448368045803,
            0.9868888593310856
        ],
        "val_loss": [
            0.20552937089033949,
            0.19116509287822545,
            0.20515073193010042,
            0.21981396719177312,
            0.25785735896902107,
            0.3069896934235967,
            0.3666677080185674
        ],
        "val_acc": [
            0.9194455030487809,
            0.9245665015243901,
            0.9226371951219514,
            0.9204935213414633,
            0.9191120426829265,
            0.9189691310975608,
            0.9165872713414637
        ],
        "val_f1": [
            0.9188420168344291,
            0.9239626443040345,
            0.9220559700988736,
            0.9197917046406728,
            0.9184409301065137,
            0.9183673277131438,
            0.9160228029894166
        ],
        "test_loss": 0.1872862534506655,
        "test_acc": 0.9242568597560981,
        "test_f1": 0.9236150896794236,
        "model_filename": "model_storage/yelp/mlp_model.pth"
    },
    "cnn": {
        "stop_early": true,
        "early_stopping_step": 5,
        "early_stopping_best_val": 0.15524572279395138,
        "learning_rate": 0.001,
        "epoch_index": 6,
        "train_loss": [
            0.26882076249314946,
            0.15279716006306818,
            0.11767339023897108,
            0.09227587080698718,
            0.04927303352509388,
            0.028356181653400505,
            0.012734135149579369
        ],
        "train_acc": [
            0.8807815561724363,
            0.9405668272371008,
            0.9547783311561072,
            0.965443337687785,
            0.9823848791639456,
            0.9903300538863496,
            0.9960605813193988
        ],
        "train_f1": [
            0.8773122078582549,
            0.9400962887920423,
            0.9544036987676128,
            0.9651792566642158,
            0.9822516764345403,
            0.9902545571330894,
            0.9960296829530435
        ],
        "val_loss": [
            0.18333554965239482,
            0.15524572279395138,
            0.15583079087934115,
            0.18645121658039163,
            0.18681857948441338,
            0.2268206705963921,
            0.2746866776766938
        ],
        "val_acc": [
            0.9253763338414639,
            0.939143483231707,
            0.9408584222560971,
            0.9344512195121953,
            0.9418588033536588,
            0.9408584222560975,
            0.9419778963414634
        ],
        "val_f1": [
            0.9248109306933652,
            0.9386788740246738,
            0.9404395196750787,
            0.9339551760651101,
            0.9414745047835011,
            0.9404030780286674,
            0.9415574762710699
        ],
        "test_loss": 0.15011107992017417,
        "test_acc": 0.9405964176829269,
        "test_f1": 0.9401273189372453,
        "model_filename": "model_storage/yelp/cnn_model.pth"
    }
}